iter,hv,delta_hv,n_evals,seconds
-1,0.0,0.0,12,0.0
0,0.0,0.0,16,1.82655668258667
1,0.0,0.0,20,1.885434627532959
2,0.0,0.0,24,2.0324583053588867
