iter,hv,delta_hv,n_evals,seconds
-1,0.0,0.0,12,0.0
0,0.0,0.0,16,1.660536527633667
1,0.0,0.0,20,1.5354363918304443
2,0.0,0.0,24,1.86503267288208
